{
  "participantId": 1,
  "creepsPerMinDeltas": {
    "10-20": 3.0999999999999996,
    "0-10": 0.4
  },
  "xpPerMinDeltas": {
    "10-20": 757.8,
    "0-10": 332.4
  },
  "goldPerMinDeltas": {
    "10-20": 708.0999999999999,
    "0-10": 266.29999999999995
  },
  "csDiffPerMinDeltas": {
    "10-20": 2.0999999999999996,
    "0-10": 0.1
  },
  "xpDiffPerMinDeltas": {
    "10-20": 280.70000000000005,
    "0-10": 65.69999999999999
  },
  "damageTakenPerMinDeltas": {
    "10-20": 1055,
    "0-10": 689.1
  },
  "damageTakenDiffPerMinDeltas": {
    "10-20": -196.0999999999999,
    "0-10": 288.5
  },
  "role": "NONE",
  "lane": "JUNGLE"
}
